{
    "reference": {
        "mean": 0.2671574091492538,
        "std": 0.24539218036805643,
        "min": 0.0013598987042227036,
        "max": 0.8542863914211115
    },
    "production": {
        "mean": 0.262507224230839,
        "std": 0.24630154479828925,
        "min": 0.0011181299024253589,
        "max": 0.861936115322856
    },
    "mean_shift": -0.00465018491841479
}