{
    "reference": {
        "mean": 0.2671574091492538,
        "std": 0.24539218036805643,
        "min": 0.0013598987042227036,
        "max": 0.8542863914211115
    },
    "production": {
        "mean": 0.27069529942052767,
        "std": 0.25486263904773915,
        "min": 0.0009923315912516583,
        "max": 0.87643481450061
    },
    "mean_shift": 0.0035378902712738802
}