{
    "precision": 0.6445783132530121,
    "recall": 0.5721925133689839,
    "roc_auc": 0.8364260163275026,
    "confusion_matrix": [
        [
            915,
            118
        ],
        [
            160,
            214
        ]
    ]
}