{
    "precision": 0.6484848484848484,
    "recall": 0.5721925133689839,
    "roc_auc": 0.8358850448566296,
    "confusion_matrix": [
        [
            917,
            116
        ],
        [
            160,
            214
        ]
    ]
}